Cultural Districts,Neighborhood,CD_URL
American Indian Cultural District,Castro/Upper Market,https://americanindianculturaldistrict.org/
American Indian Cultural District,Mission,https://americanindianculturaldistrict.org/
Sunset Chinese Cultural District,Sunset/Parkside,https://sfgov.legistar.com/View.ashx?M=F&ID=9703176&GUID=0719CA82-0C47-44BD-BFBC-9819DB20EE6B
Japantown Cultural District,Western Addition,https://www.japantowntaskforce.org/
Japantown Cultural District,Japantown,https://www.japantowntaskforce.org/
Japantown Cultural District,Pacific Heights,https://www.japantowntaskforce.org/
SoMa Pilipinas ? Filipino Cultural District,Financial District,https://www.somapilipinas.org/
SoMa Pilipinas ? Filipino Cultural District,South of Market,https://www.somapilipinas.org/
Castro Cultural District,Mission,https://castrolgbtq.org/
Castro Cultural District,Twin Peaks,https://castrolgbtq.org/
Castro Cultural District,Noe Valley,https://castrolgbtq.org/
Castro Cultural District,Castro/Upper Market,https://castrolgbtq.org/
Castro Cultural District,Hayes Valley,https://castrolgbtq.org/
Leather & LGBTQ Cultural District,Mission,https://sfleatherdistrict.org/
Leather & LGBTQ Cultural District,South of Market,https://sfleatherdistrict.org/
Compton??s Transgender Cultural District,Tenderloin,https://www.transgenderdistrictsf.com/
Compton??s Transgender Cultural District,South of Market,https://www.transgenderdistrictsf.com/
African American Arts and Cultural District,Bayview Hunters Point,https://www.sfaaacd.org/
Calle 24 Latino Cultural District,Mission,https://www.calle24sf.org/
